Account_Number,Customer_ID,Account_Type,Current_Balance,Status
ACC_5001,CUST_1221,,219895.27,Active
ACC_5002,CUST_1151,Current,101355.55,Inactive
ACC_5003,CUST_1488,CURR,45932.27,
ACC_5004,CUST_1218,SAVINGS,,Active
ACC_5005,CUST_1278,Current,23269.99,Active
ACC_5006,CUST_1037,Savings,90970.27,Active
ACC_5007,CUST_1070,,-4406.75,Blocked
ACC_5008,CUST_1027,Current,233890.98,Inactive
ACC_5009,CUST_1005,Current,5198.99,
ACC_5010,CUST_1372,CURR,90807.35,Blocked
ACC_5011,CUST_1446,,44950.11,Active
ACC_5012,CUST_1241,CURR,92829.1,
ACC_5013,CUST_1103,Savings,241250.36,Blocked
ACC_5014,CUST_1044,CURR,146905.03,Inactive
ACC_5015,CUST_1464,CURR,171880.09,Active
ACC_5016,CUST_1083,,241884.7,Inactive
ACC_5017,CUST_1376,Savings,140709.18,Inactive
ACC_5018,CUST_1082,Current,231379.68,Inactive
ACC_5019,CUST_1186,SAVINGS,95027.86,Blocked
ACC_5020,CUST_1404,,37519.3,Blocked
ACC_5021,CUST_1029,Savings,119163.13,Blocked
ACC_5022,CUST_1369,Savings,,Active
ACC_5023,CUST_1026,Current,148937.65,
ACC_5024,CUST_1174,CURR,211079.73,Blocked
ACC_5025,CUST_9999,SAVINGS,89252.94,Active
ACC_5026,CUST_1229,SAVINGS,104275.1,Blocked
ACC_5027,CUST_1473,SAVINGS,21010.45,Inactive
ACC_5028,CUST_1150,Current,84943.85,Active
ACC_5029,CUST_1293,,85109.82,Inactive
ACC_5030,CUST_1333,CURR,1846.9,Blocked
ACC_5031,CUST_1305,CURR,64544.38,Blocked
ACC_5032,CUST_1394,SAVINGS,48118.32,Inactive
ACC_5033,CUST_1362,SAVINGS,31954.69,
ACC_5034,CUST_1398,CURR,212122.92,Inactive
ACC_5035,CUST_1139,Current,120727.78,Active
ACC_5036,CUST_1203,Current,182225.24,Active
ACC_5037,CUST_1075,,114196.2,Active
ACC_5038,CUST_1261,,116916.8,Active
ACC_5039,CUST_1421,SAVINGS,14481.53,Blocked
ACC_5040,CUST_1251,Current,,Blocked
ACC_5041,CUST_1358,Savings,154953.31,Blocked
ACC_5042,CUST_1209,,-2799.9,Blocked
ACC_5043,CUST_1467,SAVINGS,14842.39,Inactive
ACC_5044,CUST_1238,Savings,128205.77,Inactive
ACC_5045,CUST_1058,,38329.31,Inactive
ACC_5046,CUST_1157,SAVINGS,46687.89,
ACC_5047,CUST_1332,CURR,52100.42,
ACC_5048,CUST_1142,CURR,225702.49,Active
ACC_5049,CUST_1008,Current,125957.96,Blocked
ACC_5050,CUST_9999,Savings,30111.45,Blocked
ACC_5051,CUST_1454,CURR,96727.79,Inactive
ACC_5052,CUST_1436,CURR,47508.21,Active
ACC_5053,CUST_1454,CURR,95093.13,Inactive
ACC_5054,CUST_1160,SAVINGS,72025.53,Active
ACC_5055,CUST_1039,CURR,72541.85,Blocked
ACC_5056,CUST_1371,CURR,210355.58,
ACC_5057,CUST_1233,Savings,27738.28,
ACC_5058,CUST_1420,Savings,,Inactive
ACC_5059,CUST_1106,,74055.46,
ACC_5060,CUST_1141,Savings,204003.67,Active
ACC_5061,CUST_1343,,-4958.43,
ACC_5062,CUST_1470,CURR,223903.84,Active
ACC_5063,CUST_1457,Current,209728.1,Active
ACC_5064,CUST_1403,,170109.35,Blocked
ACC_5065,CUST_1360,,99203.36,Blocked
ACC_5066,CUST_1322,CURR,206930.81,Active
ACC_5067,CUST_1113,CURR,87532.38,Active
ACC_5068,CUST_1455,Current,182751.53,Inactive
ACC_5069,CUST_1138,,116309.58,Blocked
ACC_5070,CUST_1497,Current,184589.89,Active
ACC_5071,CUST_1293,Savings,170111.29,Blocked
ACC_5072,CUST_1230,CURR,73365.55,
ACC_5073,CUST_1235,Savings,170071.07,Blocked
ACC_5074,CUST_1320,,152371.24,Blocked
ACC_5075,CUST_9999,CURR,147287.6,Active
ACC_5076,CUST_1497,CURR,,Blocked
ACC_5077,CUST_1198,Savings,217320.41,Blocked
ACC_5078,CUST_1366,,248247.51,
ACC_5079,CUST_1212,,150657.24,Inactive
ACC_5080,CUST_1168,SAVINGS,44779.13,Blocked
ACC_5081,CUST_1406,CURR,179606.36,Inactive
ACC_5082,CUST_1225,SAVINGS,149673.46,Blocked
ACC_5083,CUST_1175,CURR,170360.69,Active
ACC_5084,CUST_1449,Savings,132648.03,
ACC_5085,CUST_1122,,92448.94,
ACC_5086,CUST_1051,Current,238995.4,
ACC_5087,CUST_1320,Current,108353.64,
ACC_5088,CUST_1261,SAVINGS,100409.0,Inactive
ACC_5089,CUST_1313,SAVINGS,11421.27,
ACC_5090,CUST_1007,SAVINGS,104774.68,Blocked
ACC_5091,CUST_1086,CURR,245995.04,Blocked
ACC_5092,CUST_1356,Current,-2945.86,Blocked
ACC_5093,CUST_1436,Savings,158598.15,Blocked
ACC_5094,CUST_1265,Current,,
ACC_5095,CUST_1333,Savings,19099.92,Inactive
ACC_5096,CUST_1497,,111186.0,Blocked
ACC_5097,CUST_1179,Current,84446.83,Inactive
ACC_5098,CUST_1280,CURR,26463.86,Blocked
ACC_5099,CUST_1405,Current,63410.83,Active
ACC_5100,CUST_9999,SAVINGS,12298.58,Blocked
ACC_5101,CUST_1153,Current,193672.22,Inactive
ACC_5102,CUST_1070,SAVINGS,117448.71,
ACC_5103,CUST_1316,,158143.87,
ACC_5104,CUST_1410,,172163.3,Inactive
ACC_5105,CUST_1095,Current,76640.04,
ACC_5106,CUST_1371,CURR,134611.18,Active
ACC_5107,CUST_1435,CURR,97085.71,
ACC_5108,CUST_1144,,156079.98,Inactive
ACC_5109,CUST_1378,Savings,117358.52,Blocked
ACC_5110,CUST_1472,Savings,239806.13,
ACC_5111,CUST_1093,Savings,22032.71,
ACC_5112,CUST_1428,Current,,Blocked
ACC_5113,CUST_1452,Savings,94586.39,Inactive
ACC_5114,CUST_1083,SAVINGS,21675.29,
ACC_5115,CUST_1251,SAVINGS,172670.79,
ACC_5116,CUST_1236,CURR,173720.83,Inactive
ACC_5117,CUST_1208,SAVINGS,113604.44,
ACC_5118,CUST_1134,CURR,102805.73,
ACC_5119,CUST_1146,Savings,65404.26,Inactive
ACC_5120,CUST_1008,CURR,198508.74,Inactive
ACC_5121,CUST_1384,Current,20026.17,Blocked
ACC_5122,CUST_1479,CURR,45694.38,
ACC_5123,CUST_1342,Savings,234304.1,
ACC_5124,CUST_1011,Savings,114334.15,Inactive
ACC_5125,CUST_9999,CURR,11613.05,
ACC_5126,CUST_1376,CURR,72888.2,Blocked
ACC_5127,CUST_1472,CURR,103673.86,Blocked
ACC_5128,CUST_1346,SAVINGS,236386.42,Inactive
ACC_5129,CUST_1111,CURR,116562.33,Active
ACC_5130,CUST_1266,,,Inactive
ACC_5131,CUST_1129,,31512.16,Active
ACC_5132,CUST_1271,Savings,127441.12,Blocked
ACC_5133,CUST_1089,CURR,29846.87,
ACC_5134,CUST_1047,,194312.83,Inactive
ACC_5135,CUST_1107,,214017.48,Inactive
ACC_5136,CUST_1314,CURR,45174.79,Blocked
ACC_5137,CUST_1209,,101204.54,Inactive
ACC_5138,CUST_1393,Current,36722.78,Inactive
ACC_5139,CUST_1259,Savings,41354.84,
ACC_5140,CUST_1081,SAVINGS,32725.96,
ACC_5141,CUST_1334,SAVINGS,78948.05,
ACC_5142,CUST_1064,,183324.61,Inactive
ACC_5143,CUST_1041,CURR,175339.84,
ACC_5144,CUST_1375,Current,189287.15,
ACC_5145,CUST_1379,SAVINGS,67066.98,Active
ACC_5146,CUST_1455,Current,100085.98,Active
ACC_5147,CUST_1055,SAVINGS,144855.34,Active
ACC_5148,CUST_1221,SAVINGS,,Inactive
ACC_5149,CUST_1346,SAVINGS,137473.61,Blocked
ACC_5150,CUST_9999,Current,2467.39,Active
ACC_5151,CUST_1358,,44640.27,Active
ACC_5152,CUST_1167,Current,108509.51,
ACC_5153,CUST_1064,,186297.76,Blocked
ACC_5154,CUST_1086,,147744.27,Blocked
ACC_5155,CUST_1407,,188183.18,Active
ACC_5156,CUST_1318,Current,12441.63,Active
ACC_5157,CUST_1392,,217419.79,Blocked
ACC_5158,CUST_1279,SAVINGS,174814.08,Inactive
ACC_5159,CUST_1487,SAVINGS,42960.67,
ACC_5160,CUST_1024,SAVINGS,11048.13,Active
ACC_5161,CUST_1139,Current,70282.15,Active
ACC_5162,CUST_1144,,182276.25,Active
ACC_5163,CUST_1112,Current,147366.49,Active
ACC_5164,CUST_1362,Current,112221.52,
ACC_5165,CUST_1136,,199627.52,Inactive
ACC_5166,CUST_1345,CURR,,Blocked
ACC_5167,CUST_1230,SAVINGS,103189.56,
ACC_5168,CUST_1351,CURR,74090.52,Blocked
ACC_5169,CUST_1351,Savings,22234.11,Inactive
ACC_5170,CUST_1218,Current,48410.71,Inactive
ACC_5171,CUST_1088,CURR,49569.31,Active
ACC_5172,CUST_1270,Current,36123.0,
ACC_5173,CUST_1280,SAVINGS,217706.17,Active
ACC_5174,CUST_1166,,8018.32,Inactive
ACC_5175,CUST_9999,SAVINGS,12119.43,Inactive
ACC_5176,CUST_1472,,225048.63,
ACC_5177,CUST_1259,SAVINGS,150832.04,Active
ACC_5178,CUST_1089,SAVINGS,73980.77,Blocked
ACC_5179,CUST_1277,SAVINGS,15762.81,Blocked
ACC_5180,CUST_1274,CURR,64408.19,Inactive
ACC_5181,CUST_1393,Savings,247824.81,Active
ACC_5182,CUST_1185,Current,235002.15,Inactive
ACC_5183,CUST_1098,Savings,144292.56,
ACC_5184,CUST_1061,CURR,,Active
ACC_5185,CUST_1002,,153740.69,Active
ACC_5186,CUST_1356,SAVINGS,191269.55,Blocked
ACC_5187,CUST_1308,SAVINGS,209613.84,Inactive
ACC_5188,CUST_1409,SAVINGS,121505.01,Inactive
ACC_5189,CUST_1418,,35134.95,
ACC_5190,CUST_1465,SAVINGS,244825.06,
ACC_5191,CUST_1500,CURR,225996.44,Blocked
ACC_5192,CUST_1122,Current,236635.22,
ACC_5193,CUST_1085,,24444.09,Active
ACC_5194,CUST_1041,,86343.14,Inactive
ACC_5195,CUST_1149,,211778.66,
ACC_5196,CUST_1056,,1865.59,
ACC_5197,CUST_1196,Savings,243869.73,Inactive
ACC_5198,CUST_1474,SAVINGS,57559.26,Inactive
ACC_5199,CUST_1394,Current,90747.09,
ACC_5200,CUST_9999,,214593.21,
ACC_5201,CUST_1042,CURR,185497.26,Blocked
ACC_5202,CUST_1350,,,Active
ACC_5203,CUST_1186,CURR,26681.01,Inactive
ACC_5204,CUST_1395,Current,117194.76,
ACC_5205,CUST_1136,CURR,166126.79,Active
ACC_5206,CUST_1182,CURR,99140.9,Inactive
ACC_5207,CUST_1479,CURR,177656.98,Blocked
ACC_5208,CUST_1028,,4519.18,Blocked
ACC_5209,CUST_1414,Current,189242.97,Inactive
ACC_5210,CUST_1373,CURR,69527.91,Blocked
ACC_5211,CUST_1222,,39661.09,Active
ACC_5212,CUST_1473,CURR,197791.79,Blocked
ACC_5213,CUST_1366,Current,178729.58,Active
ACC_5214,CUST_1193,Savings,39831.98,Active
ACC_5215,CUST_1163,CURR,188497.37,Active
ACC_5216,CUST_1434,SAVINGS,148386.6,Inactive
ACC_5217,CUST_1486,SAVINGS,239023.1,Active
ACC_5218,CUST_1154,Savings,166215.43,
ACC_5219,CUST_1222,Current,229285.09,Blocked
ACC_5220,CUST_1046,CURR,,
ACC_5221,CUST_1359,CURR,39313.28,Active
ACC_5222,CUST_1497,,125720.4,Inactive
ACC_5223,CUST_1344,,146161.26,Inactive
ACC_5224,CUST_1284,CURR,31897.18,Active
ACC_5225,CUST_9999,Current,234474.88,Active
ACC_5226,CUST_1051,Savings,72023.01,Inactive
ACC_5227,CUST_1358,Savings,199741.36,Blocked
ACC_5228,CUST_1287,,-2963.07,Inactive
ACC_5229,CUST_1017,Current,122009.98,Blocked
ACC_5230,CUST_1002,Current,150087.03,Active
ACC_5231,CUST_1235,Savings,137700.09,Blocked
ACC_5232,CUST_1276,Current,91610.32,Active
ACC_5233,CUST_1393,CURR,111697.31,
ACC_5234,CUST_1320,,248910.17,Active
ACC_5235,CUST_1131,SAVINGS,31738.55,
ACC_5236,CUST_1105,SAVINGS,88282.24,Blocked
ACC_5237,CUST_1348,,201588.62,Active
ACC_5238,CUST_1291,CURR,,Blocked
ACC_5239,CUST_1294,Current,134093.29,Blocked
ACC_5240,CUST_1364,SAVINGS,26665.96,
ACC_5241,CUST_1130,SAVINGS,230054.42,Inactive
ACC_5242,CUST_1063,Current,58890.43,Active
ACC_5243,CUST_1133,Savings,236203.4,Blocked
ACC_5244,CUST_1003,SAVINGS,51210.57,Blocked
ACC_5245,CUST_1208,,151466.29,Active
ACC_5246,CUST_1069,Current,111482.43,Inactive
ACC_5247,CUST_1007,Savings,165471.59,Blocked
ACC_5248,CUST_1293,SAVINGS,8584.12,
ACC_5249,CUST_1127,,213669.08,
ACC_5250,CUST_9999,SAVINGS,107186.88,Active
ACC_5251,CUST_1219,CURR,234904.37,
ACC_5252,CUST_1262,SAVINGS,226462.94,Inactive
ACC_5253,CUST_1035,Current,241833.86,
ACC_5254,CUST_1229,SAVINGS,242236.96,Blocked
ACC_5255,CUST_1417,Savings,249598.84,Active
ACC_5256,CUST_1201,SAVINGS,,Blocked
ACC_5257,CUST_1020,Savings,230218.17,
ACC_5258,CUST_1206,Savings,199532.9,
ACC_5259,CUST_1405,Current,170279.88,Blocked
ACC_5260,CUST_1499,,-1102.29,Inactive
ACC_5261,CUST_1395,CURR,13196.34,Blocked
ACC_5262,CUST_1194,Savings,70785.84,Inactive
ACC_5263,CUST_1296,CURR,70782.04,Active
ACC_5264,CUST_1218,Current,116213.61,Blocked
ACC_5265,CUST_1076,SAVINGS,77731.02,
ACC_5266,CUST_1280,,168100.14,Blocked
ACC_5267,CUST_1239,Savings,233651.81,Active
ACC_5268,CUST_1383,Savings,137856.72,Blocked
ACC_5269,CUST_1282,Savings,210028.09,Inactive
ACC_5270,CUST_1386,SAVINGS,53433.77,Blocked
ACC_5271,CUST_1325,Savings,215437.81,Blocked
ACC_5272,CUST_1436,Savings,176833.34,
ACC_5273,CUST_1318,Savings,91141.16,Inactive
ACC_5274,CUST_1265,Current,,Active
ACC_5275,CUST_9999,Savings,167207.11,
ACC_5276,CUST_1168,Savings,175253.64,Blocked
ACC_5277,CUST_1115,,18188.67,Blocked
ACC_5278,CUST_1300,SAVINGS,221935.07,Inactive
ACC_5279,CUST_1136,CURR,6738.67,Inactive
ACC_5280,CUST_1187,Savings,-829.35,Inactive
ACC_5281,CUST_1062,Current,33778.84,Blocked
ACC_5282,CUST_1246,Current,90335.26,Inactive
ACC_5283,CUST_1476,,-192.23,Active
ACC_5284,CUST_1501,CURR,159098.63,
ACC_5285,CUST_1243,Current,119447.89,Blocked
ACC_5286,CUST_1311,Current,200375.3,Inactive
ACC_5287,CUST_1043,SAVINGS,65953.25,
ACC_5288,CUST_1247,,183117.98,Inactive
ACC_5289,CUST_1331,SAVINGS,-1938.68,Active
ACC_5290,CUST_1383,SAVINGS,206059.77,Blocked
ACC_5291,CUST_1141,,131107.18,Inactive
ACC_5292,CUST_1205,CURR,,Inactive
ACC_5293,CUST_1195,CURR,247416.32,Active
ACC_5294,CUST_1074,SAVINGS,144859.98,Blocked
ACC_5295,CUST_1397,Savings,53496.6,Inactive
ACC_5296,CUST_1358,Current,79290.61,
ACC_5297,CUST_1005,CURR,159458.27,
ACC_5298,CUST_1238,Savings,162514.04,Active
ACC_5299,CUST_1433,CURR,138506.61,Blocked
ACC_5300,CUST_9999,Current,6176.97,Blocked
ACC_5301,CUST_1101,SAVINGS,140310.76,Active
ACC_5302,CUST_1416,Current,110198.0,Blocked
ACC_5303,CUST_1143,Savings,241774.43,Inactive
ACC_5304,CUST_1191,SAVINGS,9623.07,
ACC_5305,CUST_1180,SAVINGS,49153.01,Inactive
ACC_5306,CUST_1490,CURR,192380.58,Inactive
ACC_5307,CUST_1360,Savings,215148.02,
ACC_5308,CUST_1290,Current,51811.63,Active
ACC_5309,CUST_1054,Savings,80625.8,Blocked
ACC_5310,CUST_1157,Savings,,Active
ACC_5311,CUST_1085,Current,44329.57,Inactive
ACC_5312,CUST_1496,CURR,-3878.67,Inactive
ACC_5313,CUST_1256,Current,45456.47,
ACC_5314,CUST_1445,CURR,43026.99,Inactive
ACC_5315,CUST_1158,,205671.49,Inactive
ACC_5316,CUST_1470,SAVINGS,154137.03,Active
ACC_5317,CUST_1339,,234638.22,Blocked
ACC_5318,CUST_1061,Savings,82303.76,
ACC_5319,CUST_1490,Savings,214348.24,Blocked
ACC_5320,CUST_1488,Savings,249976.88,Inactive
ACC_5321,CUST_1188,CURR,108126.92,
ACC_5322,CUST_1450,Savings,249038.46,Active
ACC_5323,CUST_1421,,4510.07,Blocked
ACC_5324,CUST_1027,Savings,5448.41,Blocked
ACC_5325,CUST_9999,Current,194357.82,Inactive
ACC_5326,CUST_1244,Current,220485.59,Inactive
ACC_5327,CUST_1440,SAVINGS,218319.78,Active
ACC_5328,CUST_1047,,,Inactive
ACC_5329,CUST_1244,Current,53898.6,Active
ACC_5330,CUST_1295,CURR,224530.98,Blocked
ACC_5331,CUST_1452,,18399.14,Inactive
ACC_5332,CUST_1098,Savings,10228.3,Blocked
ACC_5333,CUST_1217,Savings,79802.76,
ACC_5334,CUST_1295,SAVINGS,124984.18,Active
ACC_5335,CUST_1178,Current,30733.8,Active
ACC_5336,CUST_1168,CURR,53654.98,
ACC_5337,CUST_1104,,149470.72,Active
ACC_5338,CUST_1439,SAVINGS,201927.25,
ACC_5339,CUST_1076,,119179.59,Blocked
ACC_5340,CUST_1231,SAVINGS,206406.09,Blocked
ACC_5341,CUST_1143,Current,190818.67,Active
ACC_5342,CUST_1430,Savings,25829.96,Blocked
ACC_5343,CUST_1233,Savings,120900.99,Active
ACC_5344,CUST_1232,Savings,220978.43,Inactive
ACC_5345,CUST_1130,SAVINGS,135312.44,
ACC_5346,CUST_1166,CURR,,Blocked
ACC_5347,CUST_1124,Current,-4554.16,Blocked
ACC_5348,CUST_1161,SAVINGS,182634.51,Inactive
ACC_5349,CUST_1169,Savings,-1754.82,Inactive
ACC_5350,CUST_9999,,221844.47,
ACC_5351,CUST_1307,CURR,185022.3,Inactive
ACC_5352,CUST_1088,Current,127844.91,
ACC_5353,CUST_1107,CURR,39013.92,Inactive
ACC_5354,CUST_1041,SAVINGS,116528.23,Inactive
ACC_5355,CUST_1300,Current,194021.8,
ACC_5356,CUST_1030,,217103.65,Inactive
ACC_5357,CUST_1009,CURR,213701.39,Blocked
ACC_5358,CUST_1280,,160645.16,Blocked
ACC_5359,CUST_1083,SAVINGS,54117.83,
ACC_5360,CUST_1067,CURR,129088.22,
ACC_5361,CUST_1161,Current,140125.55,
ACC_5362,CUST_1265,CURR,138329.87,Blocked
ACC_5363,CUST_1387,CURR,177594.59,Blocked
ACC_5364,CUST_1101,SAVINGS,,
ACC_5365,CUST_1222,Savings,18308.59,Active
ACC_5366,CUST_1429,Savings,95904.16,
ACC_5367,CUST_1020,Savings,152228.04,Inactive
ACC_5368,CUST_1446,Savings,192662.68,Blocked
ACC_5369,CUST_1232,Savings,71202.76,Active
ACC_5370,CUST_1423,,209003.92,Blocked
ACC_5371,CUST_1080,CURR,227356.7,
ACC_5372,CUST_1220,Savings,135364.95,
ACC_5373,CUST_1287,,33972.42,
ACC_5374,CUST_1119,,118309.89,Active
ACC_5375,CUST_9999,CURR,200038.86,
ACC_5376,CUST_1263,Savings,109794.02,
ACC_5377,CUST_1264,,76357.03,Blocked
ACC_5378,CUST_1263,Current,16193.42,
ACC_5379,CUST_1230,Savings,202789.22,Blocked
ACC_5380,CUST_1203,Current,157909.32,Inactive
ACC_5381,CUST_1040,Savings,221138.26,
ACC_5382,CUST_1221,CURR,,Inactive
ACC_5383,CUST_1034,Savings,77509.48,
ACC_5384,CUST_1261,Savings,143573.14,
ACC_5385,CUST_1143,CURR,52368.8,Blocked
ACC_5386,CUST_1491,SAVINGS,116850.05,Active
ACC_5387,CUST_1379,SAVINGS,30126.57,Blocked
ACC_5388,CUST_1440,Current,207648.53,Blocked
ACC_5389,CUST_1343,Current,-732.09,Inactive
ACC_5390,CUST_1135,SAVINGS,44276.16,Blocked
ACC_5391,CUST_1443,CURR,141550.75,Active
ACC_5392,CUST_1254,Current,228295.07,
ACC_5393,CUST_1065,,132966.44,Inactive
ACC_5394,CUST_1307,SAVINGS,183000.29,
ACC_5395,CUST_1346,SAVINGS,152706.46,Active
ACC_5396,CUST_1174,Current,227141.99,Inactive
ACC_5397,CUST_1489,SAVINGS,77560.2,Inactive
ACC_5398,CUST_1480,,167007.39,Inactive
ACC_5399,CUST_1239,CURR,242439.98,
ACC_5400,CUST_9999,SAVINGS,,Blocked
ACC_5401,CUST_1242,Current,66235.83,Active
ACC_5402,CUST_1259,,82586.47,Blocked
ACC_5403,CUST_1180,CURR,248232.02,Active
ACC_5404,CUST_1058,Savings,85416.19,Blocked
ACC_5405,CUST_1398,CURR,22635.94,Inactive
ACC_5406,CUST_1128,SAVINGS,115482.98,Active
ACC_5407,CUST_1145,Current,160736.31,Inactive
ACC_5408,CUST_1029,CURR,144617.78,Inactive
ACC_5409,CUST_1169,Current,216934.46,Inactive
ACC_5410,CUST_1217,,200953.8,Blocked
ACC_5411,CUST_1222,Savings,9153.09,Inactive
ACC_5412,CUST_1178,CURR,22140.68,
ACC_5413,CUST_1185,CURR,30525.19,
ACC_5414,CUST_1227,CURR,175402.98,
ACC_5415,CUST_1399,Savings,222843.77,
ACC_5416,CUST_1458,SAVINGS,50597.98,Blocked
ACC_5417,CUST_1088,Current,65077.29,Blocked
ACC_5418,CUST_1110,,,Inactive
ACC_5419,CUST_1248,Current,154935.49,
ACC_5420,CUST_1390,SAVINGS,234446.27,Inactive
ACC_5421,CUST_1403,Current,157316.5,Inactive
ACC_5422,CUST_1303,,62187.67,Blocked
ACC_5423,CUST_1073,Savings,197593.02,Inactive
ACC_5424,CUST_1228,Savings,26740.1,Blocked
ACC_5425,CUST_9999,SAVINGS,19374.02,Inactive
ACC_5426,CUST_1197,SAVINGS,198417.07,Inactive
ACC_5427,CUST_1438,,189472.47,
ACC_5428,CUST_1459,SAVINGS,123720.04,Blocked
ACC_5429,CUST_1204,,172771.57,Blocked
ACC_5430,CUST_1380,Savings,237228.78,Blocked
ACC_5431,CUST_1275,Savings,171364.44,Inactive
ACC_5432,CUST_1198,,47772.0,
ACC_5433,CUST_1419,,228209.53,Active
ACC_5434,CUST_1448,,89823.8,
ACC_5435,CUST_1141,Savings,169580.27,Active
ACC_5436,CUST_1456,,,Blocked
ACC_5437,CUST_1274,CURR,212645.15,Active
ACC_5438,CUST_1084,Savings,39071.9,Blocked
ACC_5439,CUST_1391,Savings,120404.36,Active
ACC_5440,CUST_1206,CURR,96777.75,Inactive
ACC_5441,CUST_1300,Current,120871.05,Blocked
ACC_5442,CUST_1260,Savings,231186.12,Inactive
ACC_5443,CUST_1273,SAVINGS,37062.71,Active
ACC_5444,CUST_1260,Current,144646.55,
ACC_5445,CUST_1325,Current,83250.61,Blocked
ACC_5446,CUST_1271,SAVINGS,89518.89,Inactive
ACC_5447,CUST_1369,,112856.85,Inactive
ACC_5448,CUST_1041,Current,179216.15,Active
ACC_5449,CUST_1074,,233723.7,Active
ACC_5450,CUST_9999,Savings,114311.08,Active
ACC_5451,CUST_1017,Savings,168342.99,Inactive
ACC_5452,CUST_1462,,55590.77,Inactive
ACC_5453,CUST_1470,CURR,87399.97,
ACC_5454,CUST_1334,,,Blocked
ACC_5455,CUST_1458,Current,-572.81,
ACC_5456,CUST_1081,,45830.34,Blocked
ACC_5457,CUST_1085,,145929.14,Inactive
ACC_5458,CUST_1167,CURR,220020.89,Blocked
ACC_5459,CUST_1337,Current,186802.37,
ACC_5460,CUST_1217,Savings,39152.08,Inactive
ACC_5461,CUST_1346,SAVINGS,221626.9,
ACC_5462,CUST_1369,Current,110294.78,Active
ACC_5463,CUST_1307,CURR,235633.33,Blocked
ACC_5464,CUST_1414,Savings,188431.91,Blocked
ACC_5465,CUST_1123,Savings,36145.09,Blocked
ACC_5466,CUST_1464,SAVINGS,45100.49,
ACC_5467,CUST_1053,SAVINGS,170710.47,
ACC_5468,CUST_1403,Current,15114.83,Inactive
ACC_5469,CUST_1057,CURR,231528.33,Inactive
ACC_5470,CUST_1356,SAVINGS,200544.56,
ACC_5471,CUST_1281,Savings,87350.23,Inactive
ACC_5472,CUST_1137,SAVINGS,,
ACC_5473,CUST_1336,Current,177015.57,
ACC_5474,CUST_1274,Savings,58809.3,Blocked
ACC_5475,CUST_9999,CURR,61586.61,
ACC_5476,CUST_1214,,28326.39,Active
ACC_5477,CUST_1005,SAVINGS,180436.86,Active
ACC_5478,CUST_1170,,53033.72,Active
ACC_5479,CUST_1130,Current,23739.57,Inactive
ACC_5480,CUST_1244,CURR,46815.13,Active
ACC_5481,CUST_1055,SAVINGS,81920.48,Blocked
ACC_5482,CUST_1291,,212807.82,Blocked
ACC_5483,CUST_1313,SAVINGS,-2204.0,Inactive
ACC_5484,CUST_1426,,10809.5,Active
ACC_5485,CUST_1297,,60414.15,Active
ACC_5486,CUST_1449,CURR,229881.86,
ACC_5487,CUST_1436,,107583.48,Inactive
ACC_5488,CUST_1220,Savings,197058.34,Blocked
ACC_5489,CUST_1092,CURR,35446.18,Inactive
ACC_5490,CUST_1386,Savings,,Inactive
ACC_5491,CUST_1494,,222758.33,Inactive
ACC_5492,CUST_1401,Savings,142896.16,
ACC_5493,CUST_1153,,243461.48,
ACC_5494,CUST_1181,SAVINGS,195416.64,Active
ACC_5495,CUST_1192,CURR,247754.59,Inactive
ACC_5496,CUST_1348,Savings,90137.81,
ACC_5497,CUST_1028,Savings,206529.6,
ACC_5498,CUST_1177,CURR,78973.46,Inactive
ACC_5499,CUST_1496,,36857.81,Inactive
ACC_5500,CUST_9999,Current,114162.87,
ACC_5501,CUST_1294,Current,229972.32,Active
ACC_5502,CUST_1132,Current,177287.02,Active
ACC_5503,CUST_1132,Savings,67891.8,Active
ACC_5504,CUST_1023,CURR,1614.87,Inactive
ACC_5505,CUST_1007,CURR,77042.02,
ACC_5506,CUST_1369,SAVINGS,76824.13,
ACC_5507,CUST_1145,Current,138523.75,Inactive
ACC_5508,CUST_1072,Savings,,Inactive
ACC_5509,CUST_1201,,83454.68,Blocked
ACC_5510,CUST_1218,SAVINGS,227650.93,Active
ACC_5511,CUST_1121,Savings,54867.51,Blocked
ACC_5512,CUST_1034,CURR,67216.0,Active
ACC_5513,CUST_1305,Current,6917.57,Active
ACC_5514,CUST_1284,Current,198278.2,Inactive
ACC_5515,CUST_1465,SAVINGS,56615.22,Active
ACC_5516,CUST_1456,SAVINGS,197770.77,Blocked
ACC_5517,CUST_1346,SAVINGS,50370.45,Blocked
ACC_5518,CUST_1211,Savings,27174.75,Inactive
ACC_5519,CUST_1316,CURR,188961.48,Blocked
ACC_5520,CUST_1288,CURR,220666.99,Blocked
ACC_5521,CUST_1010,,-4254.64,
ACC_5522,CUST_1327,,130645.08,Blocked
ACC_5523,CUST_1293,SAVINGS,238244.34,Active
ACC_5524,CUST_1076,CURR,115891.59,
ACC_5525,CUST_9999,,226270.46,Blocked
ACC_5526,CUST_1183,Savings,,Blocked
ACC_5527,CUST_1016,CURR,64210.71,
ACC_5528,CUST_1034,,174525.29,Inactive
ACC_5529,CUST_1034,Current,30332.28,Active
ACC_5530,CUST_1431,Current,81676.56,
ACC_5531,CUST_1245,Savings,32350.49,Inactive
ACC_5532,CUST_1320,,123865.15,Active
ACC_5533,CUST_1180,Savings,243486.38,Active
ACC_5534,CUST_1246,,112376.76,Active
ACC_5535,CUST_1030,Savings,127131.79,Active
ACC_5536,CUST_1433,,128697.89,Blocked
ACC_5537,CUST_1305,CURR,248731.21,Active
ACC_5538,CUST_1019,Current,28284.59,Inactive
ACC_5539,CUST_1193,,84109.13,Inactive
ACC_5540,CUST_1208,Savings,62212.4,Active
ACC_5541,CUST_1487,Savings,116303.07,Blocked
ACC_5542,CUST_1252,Savings,243180.28,Inactive
ACC_5543,CUST_1346,Savings,59676.53,
ACC_5544,CUST_1411,SAVINGS,,Blocked
ACC_5545,CUST_1363,,52710.03,Inactive
ACC_5546,CUST_1492,,23457.23,
ACC_5547,CUST_1462,SAVINGS,61769.15,Inactive
ACC_5548,CUST_1152,Savings,142047.82,Blocked
ACC_5549,CUST_1476,CURR,46767.12,Inactive
ACC_5550,CUST_9999,,201286.97,Active
ACC_5551,CUST_1145,Savings,43015.34,Blocked
ACC_5552,CUST_1061,CURR,200527.41,
ACC_5553,CUST_1392,SAVINGS,232018.49,Active
ACC_5554,CUST_1070,Current,136241.23,Blocked
ACC_5555,CUST_1432,CURR,24317.48,
ACC_5556,CUST_1021,Current,130167.66,Blocked
ACC_5557,CUST_1495,Savings,161661.58,
ACC_5558,CUST_1212,SAVINGS,159900.06,Blocked
ACC_5559,CUST_1482,,147318.57,Inactive
ACC_5560,CUST_1439,SAVINGS,212696.29,Active
ACC_5561,CUST_1089,Current,212263.58,
ACC_5562,CUST_1253,Savings,,
ACC_5563,CUST_1450,CURR,108390.6,
ACC_5564,CUST_1209,SAVINGS,185959.38,
ACC_5565,CUST_1133,Savings,142529.79,Blocked
ACC_5566,CUST_1277,CURR,28095.12,Inactive
ACC_5567,CUST_1292,CURR,40929.69,Inactive
ACC_5568,CUST_1002,Current,134494.47,Inactive
ACC_5569,CUST_1220,,234777.58,Active
ACC_5570,CUST_1436,Current,162746.84,Active
ACC_5571,CUST_1198,SAVINGS,72116.1,Inactive
ACC_5572,CUST_1197,,9971.53,Active
ACC_5573,CUST_1287,SAVINGS,147987.89,
ACC_5574,CUST_1020,,217019.27,
ACC_5575,CUST_9999,Current,220632.94,Inactive
ACC_5576,CUST_1342,,115300.91,Active
ACC_5577,CUST_1207,Current,69261.27,Blocked
ACC_5578,CUST_1320,Current,61256.41,Blocked
ACC_5579,CUST_1296,,185100.07,Blocked
ACC_5580,CUST_1422,,,
ACC_5581,CUST_1112,SAVINGS,99656.98,Inactive
ACC_5582,CUST_1468,Savings,4626.14,Blocked
ACC_5583,CUST_1443,,205484.94,Blocked
ACC_5584,CUST_1300,SAVINGS,146627.43,Blocked
ACC_5585,CUST_1445,Savings,136306.42,Blocked
ACC_5586,CUST_1389,Current,106601.11,Active
ACC_5587,CUST_1183,SAVINGS,40568.66,Blocked
ACC_5588,CUST_1221,Current,-1588.3,Blocked
ACC_5589,CUST_1039,,11373.1,Inactive
ACC_5590,CUST_1182,,3460.29,
ACC_5591,CUST_1311,SAVINGS,133994.61,
ACC_5592,CUST_1377,Savings,121830.14,
ACC_5593,CUST_1210,Current,76753.89,
ACC_5594,CUST_1349,CURR,132101.63,
ACC_5595,CUST_1188,SAVINGS,2266.63,Inactive
ACC_5596,CUST_1272,Savings,15753.52,Inactive
ACC_5597,CUST_1177,,216591.79,
ACC_5598,CUST_1253,SAVINGS,,Blocked
ACC_5599,CUST_1144,CURR,100334.23,Active
ACC_5600,CUST_9999,Current,16734.33,Blocked
ACC_5111,CUST_1093,Savings,22032.71,
ACC_5420,CUST_1390,SAVINGS,234446.27,Inactive
ACC_5566,CUST_1277,CURR,28095.12,Inactive
ACC_5078,CUST_1366,,248247.51,
ACC_5182,CUST_1185,Current,235002.15,Inactive
ACC_5285,CUST_1243,Current,119447.89,Blocked
ACC_5011,CUST_1446,,44950.11,Active
ACC_5470,CUST_1356,SAVINGS,200544.56,
ACC_5079,CUST_1212,,150657.24,Inactive
ACC_5350,CUST_9999,,221844.47,
ACC_5056,CUST_1371,CURR,210355.58,
ACC_5119,CUST_1146,Savings,65404.26,Inactive
ACC_5110,CUST_1472,Savings,239806.13,
ACC_5589,CUST_1039,,11373.1,Inactive
ACC_5370,CUST_1423,,209003.92,Blocked
ACC_5235,CUST_1131,SAVINGS,31738.55,
ACC_5031,CUST_1305,CURR,64544.38,Blocked
ACC_5213,CUST_1366,Current,178729.58,Active
ACC_5185,CUST_1002,,153740.69,Active
ACC_5087,CUST_1320,Current,108353.64,
