Loan_ID,Customer_ID,Loan_Amount,EMI,Pending_EMIs,Default_Status
LOAN_9001,CUST_1243,,,,Y
LOAN_9002,CUST_1339,250000.0,6944.44,27.0,Yes
LOAN_9003,CUST_1022,100000.0,2777.78,5.0,Yes
LOAN_9004,CUST_1052,,,,Yes
LOAN_9005,CUST_1096,50000.0,1388.89,26.0,N
LOAN_9006,CUST_1207,,,,N
LOAN_9007,CUST_1182,250000.0,6944.44,21.0,N
LOAN_9008,CUST_1279,250000.0,6944.44,26.0,N
LOAN_9009,CUST_1115,1000000.0,27777.78,2.0,Yes
LOAN_9010,CUST_1481,1000000.0,27777.78,28.0,Yes
LOAN_9011,CUST_1391,500000.0,13888.89,8.0,Y
LOAN_9012,CUST_1051,,,,Y
LOAN_9013,CUST_1064,100000.0,2777.78,35.0,N
LOAN_9014,CUST_1206,1000000.0,27777.78,22.0,Y
LOAN_9015,CUST_1425,250000.0,6944.44,2.0,N
LOAN_9016,CUST_1140,,,,N
LOAN_9017,CUST_1236,50000.0,1388.89,34.0,No
LOAN_9018,CUST_1084,250000.0,6944.44,36.0,No
LOAN_9019,CUST_1241,,,,Y
LOAN_9020,CUST_1172,,,,No
LOAN_9021,CUST_1099,,,,No
LOAN_9022,CUST_1226,250000.0,6944.44,30.0,Y
LOAN_9023,CUST_1042,100000.0,2777.78,30.0,
LOAN_9024,CUST_1336,250000.0,6944.44,24.0,
LOAN_9025,CUST_1364,,,,
LOAN_9026,CUST_1267,50000.0,1388.89,18.0,No
LOAN_9027,CUST_1369,50000.0,1388.89,11.0,No
LOAN_9028,CUST_1157,100000.0,2777.78,30.0,
LOAN_9029,CUST_1141,50000.0,1388.89,34.0,Yes
LOAN_9030,CUST_1045,50000.0,1388.89,24.0,Y
LOAN_9031,CUST_1107,50000.0,1388.89,17.0,Y
LOAN_9032,CUST_1078,500000.0,13888.89,5.0,
LOAN_9033,CUST_1341,250000.0,6944.44,27.0,N
LOAN_9034,CUST_1002,250000.0,6944.44,14.0,N
LOAN_9035,CUST_1419,50000.0,1388.89,22.0,Yes
LOAN_9036,CUST_1108,250000.0,6944.44,13.0,
LOAN_9037,CUST_1230,,,,Yes
LOAN_9038,CUST_1223,1000000.0,27777.78,24.0,Y
LOAN_9039,CUST_1462,100000.0,2777.78,25.0,Y
LOAN_9040,CUST_1085,250000.0,6944.44,16.0,Y
LOAN_9041,CUST_1241,250000.0,6944.44,4.0,
LOAN_9042,CUST_1469,100000.0,2777.78,28.0,N
LOAN_9043,CUST_1261,100000.0,2777.78,28.0,No
LOAN_9044,CUST_1401,250000.0,6944.44,7.0,N
LOAN_9045,CUST_1412,100000.0,2777.78,35.0,
LOAN_9046,CUST_1092,500000.0,13888.89,12.0,N
LOAN_9047,CUST_1170,1000000.0,27777.78,33.0,N
LOAN_9048,CUST_1214,500000.0,13888.89,16.0,Y
LOAN_9049,CUST_1285,100000.0,2777.78,16.0,
LOAN_9050,CUST_1245,50000.0,1388.89,25.0,N
LOAN_9051,CUST_1397,50000.0,1388.89,10.0,No
LOAN_9052,CUST_1084,50000.0,1388.89,26.0,N
LOAN_9053,CUST_1467,1000000.0,27777.78,10.0,No
LOAN_9054,CUST_1388,1000000.0,27777.78,11.0,No
LOAN_9055,CUST_1024,,,,N
LOAN_9056,CUST_1257,50000.0,1388.89,30.0,
LOAN_9057,CUST_1077,100000.0,2777.78,28.0,
LOAN_9058,CUST_1419,1000000.0,27777.78,16.0,N
LOAN_9059,CUST_1080,,,,N
LOAN_9060,CUST_1404,500000.0,13888.89,28.0,N
LOAN_9061,CUST_1175,50000.0,1388.89,18.0,Yes
LOAN_9062,CUST_1282,100000.0,2777.78,2.0,No
LOAN_9063,CUST_1379,,,,Yes
LOAN_9064,CUST_1252,,,,Y
LOAN_9065,CUST_1240,250000.0,6944.44,8.0,No
LOAN_9066,CUST_1185,500000.0,13888.89,7.0,Y
LOAN_9067,CUST_1062,50000.0,1388.89,28.0,No
LOAN_9068,CUST_1472,50000.0,1388.89,28.0,No
LOAN_9069,CUST_1434,1000000.0,27777.78,29.0,Yes
LOAN_9070,CUST_1429,50000.0,1388.89,14.0,No
LOAN_9071,CUST_1147,500000.0,13888.89,6.0,
LOAN_9072,CUST_1211,,,,Yes
LOAN_9073,CUST_1143,,,,N
LOAN_9074,CUST_1316,50000.0,1388.89,9.0,Yes
LOAN_9075,CUST_1259,50000.0,1388.89,21.0,Yes
LOAN_9076,CUST_1071,50000.0,1388.89,21.0,Y
LOAN_9077,CUST_1365,100000.0,2777.78,2.0,No
LOAN_9078,CUST_1285,,,,
LOAN_9079,CUST_1435,100000.0,2777.78,35.0,N
LOAN_9080,CUST_1354,250000.0,6944.44,36.0,Y
LOAN_9081,CUST_1476,250000.0,6944.44,21.0,
LOAN_9082,CUST_1206,500000.0,13888.89,23.0,N
LOAN_9083,CUST_1441,250000.0,6944.44,4.0,No
LOAN_9084,CUST_1262,500000.0,13888.89,31.0,Y
LOAN_9085,CUST_1321,100000.0,2777.78,36.0,Y
LOAN_9086,CUST_1238,500000.0,13888.89,8.0,
LOAN_9087,CUST_1273,50000.0,1388.89,34.0,
LOAN_9088,CUST_1047,50000.0,1388.89,6.0,Y
LOAN_9089,CUST_1291,,,,Y
LOAN_9090,CUST_1285,500000.0,13888.89,5.0,
LOAN_9091,CUST_1067,,,,N
LOAN_9092,CUST_1333,500000.0,13888.89,20.0,
LOAN_9093,CUST_1129,500000.0,13888.89,18.0,Y
LOAN_9094,CUST_1433,100000.0,2777.78,12.0,
LOAN_9095,CUST_1098,500000.0,13888.89,10.0,Yes
LOAN_9096,CUST_1020,250000.0,6944.44,17.0,Y
LOAN_9097,CUST_1285,250000.0,6944.44,13.0,N
LOAN_9098,CUST_1087,100000.0,2777.78,15.0,Y
LOAN_9099,CUST_1448,250000.0,6944.44,4.0,
LOAN_9100,CUST_1002,500000.0,13888.89,4.0,No
LOAN_9101,CUST_1264,50000.0,1388.89,36.0,Yes
LOAN_9102,CUST_1488,,,,Yes
LOAN_9103,CUST_1402,50000.0,1388.89,35.0,No
LOAN_9104,CUST_1269,250000.0,6944.44,24.0,Y
LOAN_9105,CUST_1373,250000.0,6944.44,33.0,Yes
LOAN_9106,CUST_1259,500000.0,13888.89,34.0,N
LOAN_9107,CUST_1214,50000.0,1388.89,36.0,
LOAN_9108,CUST_1442,100000.0,2777.78,2.0,No
LOAN_9109,CUST_1075,1000000.0,27777.78,10.0,Yes
LOAN_9110,CUST_1372,,,,N
LOAN_9111,CUST_1311,50000.0,1388.89,16.0,
LOAN_9112,CUST_1114,1000000.0,27777.78,7.0,Y
LOAN_9113,CUST_1077,50000.0,1388.89,27.0,No
LOAN_9114,CUST_1329,250000.0,6944.44,6.0,
LOAN_9115,CUST_1416,250000.0,6944.44,25.0,No
LOAN_9116,CUST_1498,50000.0,1388.89,4.0,No
LOAN_9117,CUST_1434,250000.0,6944.44,27.0,
LOAN_9118,CUST_1303,1000000.0,27777.78,11.0,N
LOAN_9119,CUST_1491,1000000.0,27777.78,13.0,No
LOAN_9120,CUST_1130,500000.0,13888.89,30.0,N
LOAN_9121,CUST_1499,,,,Y
LOAN_9122,CUST_1364,250000.0,6944.44,27.0,N
LOAN_9123,CUST_1128,1000000.0,27777.78,23.0,Y
LOAN_9124,CUST_1420,500000.0,13888.89,15.0,N
LOAN_9125,CUST_1037,1000000.0,27777.78,11.0,
LOAN_9126,CUST_1092,500000.0,13888.89,17.0,Yes
LOAN_9127,CUST_1305,,,,
LOAN_9128,CUST_1066,1000000.0,27777.78,22.0,N
LOAN_9129,CUST_1144,100000.0,2777.78,24.0,
LOAN_9130,CUST_1305,1000000.0,27777.78,10.0,
LOAN_9131,CUST_1316,,,,Yes
LOAN_9132,CUST_1111,100000.0,2777.78,4.0,Yes
LOAN_9133,CUST_1154,250000.0,6944.44,17.0,No
LOAN_9134,CUST_1198,250000.0,6944.44,27.0,N
LOAN_9135,CUST_1331,50000.0,1388.89,4.0,
LOAN_9136,CUST_1391,250000.0,6944.44,10.0,Yes
LOAN_9137,CUST_1007,1000000.0,27777.78,36.0,No
LOAN_9138,CUST_1051,1000000.0,27777.78,27.0,Yes
LOAN_9139,CUST_1086,250000.0,6944.44,0.0,Yes
LOAN_9140,CUST_1245,1000000.0,27777.78,3.0,Y
LOAN_9141,CUST_1088,100000.0,2777.78,10.0,Yes
LOAN_9142,CUST_1489,500000.0,13888.89,35.0,No
LOAN_9143,CUST_1175,100000.0,2777.78,13.0,No
LOAN_9144,CUST_1230,50000.0,1388.89,25.0,Y
LOAN_9145,CUST_1022,100000.0,2777.78,30.0,Y
LOAN_9146,CUST_1439,,,,
LOAN_9147,CUST_1435,100000.0,2777.78,9.0,N
LOAN_9148,CUST_1233,1000000.0,27777.78,25.0,N
LOAN_9149,CUST_1493,,,,Yes
LOAN_9150,CUST_1352,100000.0,2777.78,15.0,N
LOAN_9151,CUST_1216,250000.0,6944.44,29.0,N
LOAN_9152,CUST_1314,,,,
LOAN_9153,CUST_1233,,,,
LOAN_9154,CUST_1172,100000.0,2777.78,11.0,Y
LOAN_9155,CUST_1089,250000.0,6944.44,35.0,No
LOAN_9156,CUST_1482,1000000.0,27777.78,13.0,Y
LOAN_9157,CUST_1297,250000.0,6944.44,12.0,
LOAN_9158,CUST_1112,1000000.0,27777.78,26.0,
LOAN_9159,CUST_1317,100000.0,2777.78,1.0,Y
LOAN_9160,CUST_1080,100000.0,2777.78,23.0,N
LOAN_9161,CUST_1390,,,,
LOAN_9162,CUST_1262,100000.0,2777.78,24.0,Yes
LOAN_9163,CUST_1203,50000.0,1388.89,24.0,No
LOAN_9164,CUST_1204,250000.0,6944.44,36.0,
LOAN_9165,CUST_1212,250000.0,6944.44,3.0,N
LOAN_9166,CUST_1179,,,,N
LOAN_9167,CUST_1451,,,,Yes
LOAN_9168,CUST_1438,,,,No
LOAN_9169,CUST_1241,1000000.0,27777.78,17.0,N
LOAN_9170,CUST_1389,500000.0,13888.89,11.0,Yes
LOAN_9171,CUST_1303,100000.0,2777.78,12.0,N
LOAN_9172,CUST_1483,100000.0,2777.78,7.0,Y
LOAN_9173,CUST_1094,,,,Y
LOAN_9174,CUST_1085,50000.0,1388.89,12.0,N
LOAN_9175,CUST_1298,,,,No
LOAN_9176,CUST_1230,250000.0,6944.44,16.0,N
LOAN_9177,CUST_1222,250000.0,6944.44,9.0,No
LOAN_9178,CUST_1407,250000.0,6944.44,3.0,Y
LOAN_9179,CUST_1396,50000.0,1388.89,13.0,
LOAN_9180,CUST_1481,50000.0,1388.89,36.0,No
LOAN_9181,CUST_1436,1000000.0,27777.78,13.0,
LOAN_9182,CUST_1393,1000000.0,27777.78,15.0,Y
LOAN_9183,CUST_1375,250000.0,6944.44,30.0,N
LOAN_9184,CUST_1210,250000.0,6944.44,33.0,No
LOAN_9185,CUST_1156,1000000.0,27777.78,34.0,N
LOAN_9186,CUST_1240,500000.0,13888.89,12.0,
LOAN_9187,CUST_1210,500000.0,13888.89,27.0,No
LOAN_9188,CUST_1100,,,,Y
LOAN_9189,CUST_1183,1000000.0,27777.78,14.0,N
LOAN_9190,CUST_1358,100000.0,2777.78,27.0,Yes
LOAN_9191,CUST_1481,100000.0,2777.78,7.0,No
LOAN_9192,CUST_1185,,,,Y
LOAN_9193,CUST_1215,250000.0,6944.44,27.0,N
LOAN_9194,CUST_1081,,,,Yes
LOAN_9195,CUST_1075,250000.0,6944.44,13.0,Y
LOAN_9196,CUST_1077,500000.0,13888.89,16.0,No
LOAN_9197,CUST_1137,1000000.0,27777.78,34.0,Y
LOAN_9198,CUST_1473,1000000.0,27777.78,13.0,N
LOAN_9199,CUST_1276,100000.0,2777.78,9.0,N
LOAN_9200,CUST_1277,1000000.0,27777.78,28.0,No
LOAN_9201,CUST_1195,250000.0,6944.44,23.0,Y
LOAN_9202,CUST_1052,100000.0,2777.78,9.0,N
LOAN_9203,CUST_1271,250000.0,6944.44,13.0,Y
LOAN_9204,CUST_1200,50000.0,1388.89,29.0,
LOAN_9205,CUST_1394,250000.0,6944.44,6.0,Yes
LOAN_9206,CUST_1127,100000.0,2777.78,27.0,N
LOAN_9207,CUST_1362,1000000.0,27777.78,18.0,No
LOAN_9208,CUST_1157,1000000.0,27777.78,16.0,Yes
LOAN_9209,CUST_1242,100000.0,2777.78,29.0,Y
LOAN_9210,CUST_1175,100000.0,2777.78,3.0,N
LOAN_9211,CUST_1266,50000.0,1388.89,11.0,Y
LOAN_9212,CUST_1399,50000.0,1388.89,31.0,N
LOAN_9213,CUST_1169,,,,No
LOAN_9214,CUST_1343,50000.0,1388.89,32.0,N
LOAN_9215,CUST_1233,50000.0,1388.89,6.0,N
LOAN_9216,CUST_1271,500000.0,13888.89,14.0,No
LOAN_9217,CUST_1074,,,,
LOAN_9218,CUST_1084,,,,No
LOAN_9219,CUST_1198,250000.0,6944.44,1.0,No
LOAN_9220,CUST_1214,1000000.0,27777.78,14.0,Yes
LOAN_9221,CUST_1148,1000000.0,27777.78,33.0,
LOAN_9222,CUST_1219,50000.0,1388.89,0.0,No
LOAN_9223,CUST_1454,,,,No
LOAN_9224,CUST_1050,250000.0,6944.44,32.0,No
LOAN_9225,CUST_1032,1000000.0,27777.78,0.0,Y
LOAN_9226,CUST_1419,500000.0,13888.89,3.0,No
LOAN_9227,CUST_1009,100000.0,2777.78,22.0,N
LOAN_9228,CUST_1166,500000.0,13888.89,28.0,
LOAN_9229,CUST_1297,1000000.0,27777.78,20.0,No
LOAN_9230,CUST_1186,1000000.0,27777.78,10.0,Y
LOAN_9231,CUST_1275,250000.0,6944.44,22.0,Y
LOAN_9232,CUST_1262,100000.0,2777.78,9.0,N
LOAN_9233,CUST_1276,500000.0,13888.89,28.0,Yes
LOAN_9234,CUST_1144,1000000.0,27777.78,1.0,No
LOAN_9235,CUST_1263,50000.0,1388.89,21.0,No
LOAN_9236,CUST_1256,250000.0,6944.44,29.0,Yes
LOAN_9237,CUST_1376,1000000.0,27777.78,33.0,N
LOAN_9238,CUST_1327,50000.0,1388.89,11.0,
LOAN_9239,CUST_1268,,,,N
LOAN_9240,CUST_1484,50000.0,1388.89,18.0,Y
LOAN_9241,CUST_1433,500000.0,13888.89,25.0,N
LOAN_9242,CUST_1006,500000.0,13888.89,17.0,N
LOAN_9243,CUST_1159,500000.0,13888.89,8.0,
LOAN_9244,CUST_1315,500000.0,13888.89,16.0,Y
LOAN_9245,CUST_1046,500000.0,13888.89,3.0,No
LOAN_9246,CUST_1028,100000.0,2777.78,15.0,No
LOAN_9247,CUST_1269,100000.0,2777.78,0.0,No
LOAN_9248,CUST_1447,1000000.0,27777.78,20.0,N
LOAN_9249,CUST_1154,,,,No
LOAN_9250,CUST_1378,1000000.0,27777.78,1.0,Yes
LOAN_9251,CUST_1354,1000000.0,27777.78,22.0,N
LOAN_9252,CUST_1196,,,,No
LOAN_9253,CUST_1150,250000.0,6944.44,25.0,Yes
LOAN_9254,CUST_1206,100000.0,2777.78,16.0,Yes
LOAN_9255,CUST_1433,500000.0,13888.89,5.0,
LOAN_9256,CUST_1101,500000.0,13888.89,33.0,No
LOAN_9257,CUST_1351,500000.0,13888.89,2.0,Y
LOAN_9258,CUST_1276,500000.0,13888.89,22.0,No
LOAN_9259,CUST_1017,50000.0,1388.89,11.0,Y
LOAN_9260,CUST_1483,50000.0,1388.89,13.0,
LOAN_9261,CUST_1101,500000.0,13888.89,2.0,Yes
LOAN_9262,CUST_1429,100000.0,2777.78,32.0,No
LOAN_9263,CUST_1398,,,,
LOAN_9264,CUST_1481,50000.0,1388.89,33.0,N
LOAN_9265,CUST_1128,,,,No
LOAN_9266,CUST_1044,50000.0,1388.89,34.0,N
LOAN_9267,CUST_1416,,,,No
LOAN_9268,CUST_1218,1000000.0,27777.78,36.0,
LOAN_9269,CUST_1493,100000.0,2777.78,35.0,No
LOAN_9270,CUST_1465,1000000.0,27777.78,24.0,N
LOAN_9271,CUST_1272,100000.0,2777.78,16.0,No
LOAN_9272,CUST_1140,,,,Yes
LOAN_9273,CUST_1268,1000000.0,27777.78,26.0,Y
LOAN_9274,CUST_1203,500000.0,13888.89,10.0,Y
LOAN_9275,CUST_1498,50000.0,1388.89,11.0,No
LOAN_9276,CUST_1132,250000.0,6944.44,11.0,N
LOAN_9277,CUST_1132,,,,N
LOAN_9278,CUST_1325,500000.0,13888.89,21.0,No
LOAN_9279,CUST_1229,50000.0,1388.89,0.0,No
LOAN_9280,CUST_1100,100000.0,2777.78,2.0,Y
LOAN_9281,CUST_1113,50000.0,1388.89,22.0,N
LOAN_9282,CUST_1147,1000000.0,27777.78,15.0,Yes
LOAN_9283,CUST_1137,,,,Yes
LOAN_9284,CUST_1276,50000.0,1388.89,28.0,N
LOAN_9285,CUST_1133,250000.0,6944.44,36.0,N
LOAN_9286,CUST_1130,100000.0,2777.78,33.0,
LOAN_9287,CUST_1280,250000.0,6944.44,1.0,Yes
LOAN_9288,CUST_1343,,,,No
LOAN_9289,CUST_1162,,,,Y
LOAN_9290,CUST_1306,500000.0,13888.89,5.0,
LOAN_9291,CUST_1059,1000000.0,27777.78,33.0,No
LOAN_9292,CUST_1361,500000.0,13888.89,3.0,No
LOAN_9293,CUST_1334,100000.0,2777.78,27.0,N
LOAN_9294,CUST_1401,500000.0,13888.89,3.0,Yes
LOAN_9295,CUST_1370,250000.0,6944.44,20.0,Yes
LOAN_9296,CUST_1178,250000.0,6944.44,2.0,No
LOAN_9297,CUST_1207,500000.0,13888.89,3.0,Yes
LOAN_9298,CUST_1347,500000.0,13888.89,11.0,Yes
LOAN_9299,CUST_1349,500000.0,13888.89,28.0,Yes
LOAN_9300,CUST_1088,1000000.0,27777.78,30.0,Y
